emoji,subcat
ğŸ†˜,alphanum
ğŸ…°ï¸,alphanum
ğŸ…±ï¸,alphanum
ğŸ†’,alphanum
ğŸ†•,alphanum
ğŸ†“,alphanum
ğŸ†š,alphanum
ğŸ†—,alphanum
ğŸ†”,alphanum
ğŸ…¾ï¸,alphanum
ğŸ…¿ï¸,alphanum
ãŠ—ï¸,alphanum
ãŠ™ï¸,alphanum
â“‚ï¸,alphanum
ğŸ†™,alphanum
â„¹ï¸,alphanum
ğŸˆµ,alphanum
ğŸ”¢,alphanum
ğŸ†–,alphanum
ğŸ‰,alphanum
ğŸˆ¹,alphanum
ğŸ†,alphanum
ğŸ‰‘,alphanum
ğŸ”¤,alphanum
ğŸˆ´,alphanum
ğŸ” ,alphanum
ğŸ†‘,alphanum
ğŸˆ²,alphanum
ğŸˆš,alphanum
ğŸˆ¶,alphanum
ğŸˆ³,alphanum
ğŸˆ¯,alphanum
ğŸˆº,alphanum
ğŸ”¡,alphanum
ğŸˆ¸,alphanum
ğŸˆ‚ï¸,alphanum
ğŸˆ·ï¸,alphanum
ğŸ”£,alphanum
ğŸˆ,alphanum
ğŸ¸,animal-amphibian
ğŸ•Šï¸,animal-bird
ğŸ¥,animal-bird
ğŸ£,animal-bird
ğŸ”,animal-bird
ğŸ¦†,animal-bird
ğŸ¦…,animal-bird
ğŸ¦,animal-bird
ğŸ¦œ,animal-bird
ğŸ“,animal-bird
ğŸ¦ƒ,animal-bird
ğŸ§,animal-bird
ğŸ¤,animal-bird
ğŸ¦‰,animal-bird
ğŸ¦©,animal-bird
ğŸ¦š,animal-bird
ğŸ¦¢,animal-bird
ğŸ¦‹,animal-bug
ğŸ,animal-bug
ğŸ¦ ,animal-bug
ğŸ›,animal-bug
ğŸ•·ï¸,animal-bug
ğŸ,animal-bug
ğŸ¦—,animal-bug
ğŸœ,animal-bug
ğŸŒ,animal-bug
ğŸ¦Ÿ,animal-bug
ğŸ¦‚,animal-bug
ğŸ•¸ï¸,animal-bug
ğŸ°,animal-mammal
ğŸ¶,animal-mammal
ğŸ¾,animal-mammal
ğŸ‡,animal-mammal
ğŸ•,animal-mammal
ğŸ·,animal-mammal
ğŸ±,animal-mammal
ğŸ»,animal-mammal
ğŸˆ,animal-mammal
ğŸ¦„,animal-mammal
ğŸ’,animal-mammal
ğŸ,animal-mammal
ğŸ¦,animal-mammal
ğŸ¼,animal-mammal
ğŸ‘,animal-mammal
ğŸ¦,animal-mammal
ğŸ–,animal-mammal
ğŸ,animal-mammal
ğŸ¦Š,animal-mammal
ğŸ´,animal-mammal
ğŸ¿ï¸,animal-mammal
ğŸº,animal-mammal
ğŸ½,animal-mammal
ğŸ„,animal-mammal
ğŸ€,animal-mammal
ğŸ¯,animal-mammal
ğŸµ,animal-mammal
ğŸ¦¥,animal-mammal
ğŸ¦‡,animal-mammal
ğŸ®,animal-mammal
ğŸ‚,animal-mammal
ğŸ˜,animal-mammal
ğŸ…,animal-mammal
ğŸ¦Œ,animal-mammal
ğŸ,animal-mammal
ğŸ•â€ğŸ¦º,animal-mammal
ğŸ¦,animal-mammal
ğŸ¨,animal-mammal
ğŸ¦˜,animal-mammal
ğŸ­,animal-mammal
ğŸ©,animal-mammal
ğŸ¦™,animal-mammal
ğŸ¦§,animal-mammal
ğŸª,animal-mammal
ğŸ,animal-mammal
ğŸ¦’,animal-mammal
ğŸ«,animal-mammal
ğŸ¹,animal-mammal
ğŸ¦¦,animal-mammal
ğŸ¦¨,animal-mammal
ğŸ¦”,animal-mammal
ğŸ†,animal-mammal
ğŸ¦®,animal-mammal
ğŸ¦›,animal-mammal
ğŸƒ,animal-mammal
ğŸ¦“,animal-mammal
ğŸ—,animal-mammal
ğŸ¦,animal-mammal
ğŸ¦¡,animal-mammal
ğŸŸ,animal-marine
ğŸ ,animal-marine
ğŸ™,animal-marine
ğŸ³,animal-marine
ğŸ¬,animal-marine
ğŸ¦ˆ,animal-marine
ğŸš,animal-marine
ğŸ‹,animal-marine
ğŸ¡,animal-marine
ğŸ¢,animal-reptile
ğŸ,animal-reptile
ğŸ¦–,animal-reptile
ğŸŠ,animal-reptile
ğŸ¦•,animal-reptile
ğŸ¦,animal-reptile
ğŸ‰,animal-reptile
ğŸ²,animal-reptile
â¡ï¸,arrow
â¬‡ï¸,arrow
ğŸ”,arrow
â¬†ï¸,arrow
â¤µï¸,arrow
ğŸ”™,arrow
â¬…ï¸,arrow
ğŸ”œ,arrow
â†—ï¸,arrow
â†˜ï¸,arrow
ğŸ”„,arrow
ğŸ”›,arrow
â†”ï¸,arrow
â†™ï¸,arrow
â†ªï¸,arrow
ğŸ”š,arrow
â¤´ï¸,arrow
â†©ï¸,arrow
â†–ï¸,arrow
ğŸ”ƒ,arrow
â†•ï¸,arrow
ğŸ¨,arts & crafts
ğŸ­,arts & crafts
ğŸ–¼ï¸,arts & crafts
ğŸ§¶,arts & crafts
ğŸ§µ,arts & crafts
â–¶ï¸,av-symbol
ğŸ”†,av-symbol
ğŸ“´,av-symbol
â©,av-symbol
ğŸ”½,av-symbol
â—€ï¸,av-symbol
ğŸ”…,av-symbol
â¯ï¸,av-symbol
â¬,av-symbol
ğŸ”,av-symbol
ğŸ“¶,av-symbol
ğŸ”¼,av-symbol
ğŸ“³,av-symbol
âºï¸,av-symbol
ğŸ¦,av-symbol
â«,av-symbol
âª,av-symbol
ğŸ”‚,av-symbol
ğŸ”€,av-symbol
â¸ï¸,av-symbol
â­ï¸,av-symbol
â¹ï¸,av-symbol
â®ï¸,av-symbol
âï¸,av-symbol
ğŸ†,award-medal
ğŸ¥‡,award-medal
ğŸ…,award-medal
ğŸ–ï¸,award-medal
ğŸ¥ˆ,award-medal
ğŸ¥‰,award-medal
ğŸ’ª,body-parts
ğŸ‘€,body-parts
ğŸ‘ï¸,body-parts
ğŸ‘…,body-parts
ğŸ‘„,body-parts
ğŸ§ ,body-parts
ğŸ‘ƒ,body-parts
ğŸ¦·,body-parts
ğŸ¦´,body-parts
ğŸ‘‚,body-parts
ğŸ¦µ,body-parts
ğŸ¦¾,body-parts
ğŸ¦¶,body-parts
ğŸ¦»,body-parts
ğŸ¦¿,body-parts
ğŸ“š,book-paper
ğŸ“–,book-paper
ğŸ“°,book-paper
ğŸ“•,book-paper
ğŸ”–,book-paper
ğŸ—ï¸,book-paper
ğŸ·ï¸,book-paper
ğŸ“œ,book-paper
ğŸ“˜,book-paper
ğŸ“—,book-paper
ğŸ“„,book-paper
ğŸ“”,book-paper
ğŸ“’,book-paper
ğŸ“™,book-paper
ğŸ““,book-paper
ğŸ“ƒ,book-paper
ğŸ“‘,book-paper
ğŸ˜¹,cat-face
ğŸ˜»,cat-face
ğŸ˜¸,cat-face
ğŸ˜º,cat-face
ğŸ˜½,cat-face
ğŸ˜¿,cat-face
ğŸ™€,cat-face
ğŸ˜¼,cat-face
ğŸ˜¾,cat-face
ğŸ‘‘,clothing
ğŸ’,clothing
ğŸ’,clothing
ğŸ§¢,clothing
ğŸ“,clothing
ğŸ‘™,clothing
ğŸ’„,clothing
ğŸ‘ ,clothing
ğŸ©,clothing
ğŸ•¶ï¸,clothing
ğŸ‘–,clothing
ğŸ›ï¸,clothing
ğŸ‘—,clothing
ğŸ‘Ÿ,clothing
ğŸ‘“,clothing
ğŸ‘”,clothing
ğŸ‘•,clothing
ğŸ’,clothing
ğŸ©°,clothing
ğŸ¥¾,clothing
ğŸ§¤,clothing
ğŸ‘,clothing
ğŸ‘’,clothing
ğŸ‘›,clothing
ğŸ“¿,clothing
ğŸ‘¢,clothing
ğŸ§¦,clothing
ğŸ©²,clothing
ğŸ‘˜,clothing
ğŸ©³,clothing
ğŸ‘š,clothing
ğŸ‘¡,clothing
ğŸ‘œ,clothing
ğŸ§¥,clothing
â›‘ï¸,clothing
ğŸ¦º,clothing
ğŸ¥½,clothing
ğŸ¥»,clothing
ğŸ§£,clothing
ğŸ¥¿,clothing
ğŸ¥¼,clothing
ğŸ©±,clothing
ğŸ‘,clothing
ğŸ’»,computer
ğŸ–¥ï¸,computer
ğŸ”Œ,computer
ğŸ”‹,computer
ğŸ’¿,computer
ğŸ“€,computer
ğŸ–¨ï¸,computer
âŒ¨ï¸,computer
ğŸ–±ï¸,computer
ğŸ’½,computer
ğŸ§®,computer
ğŸ’¾,computer
ğŸ–²ï¸,computer
ğŸ‡ºğŸ‡¸,country-flag
ğŸ‡²ğŸ‡½,country-flag
ğŸ‡§ğŸ‡·,country-flag
ğŸ‡ºğŸ‡²,country-flag
ğŸ‡®ğŸ‡³,country-flag
ğŸ‡¨ğŸ‡¦,country-flag
ğŸ‡¹ğŸ‡·,country-flag
ğŸ‡®ğŸ‡¹,country-flag
ğŸ‡¬ğŸ‡§,country-flag
ğŸ‡¯ğŸ‡µ,country-flag
ğŸ‡¨ğŸ‡´,country-flag
ğŸ‡¦ğŸ‡·,country-flag
ğŸ‡©ğŸ‡ª,country-flag
ğŸ‡«ğŸ‡·,country-flag
ğŸ‡°ğŸ‡·,country-flag
ğŸ‡ªğŸ‡¸,country-flag
ğŸ‡ªğŸ‡¬,country-flag
ğŸ‡µğŸ‡­,country-flag
ğŸ‡©ğŸ‡¿,country-flag
ğŸ‡®ğŸ‡±,country-flag
ğŸ‡¦ğŸ‡º,country-flag
ğŸ‡¦ğŸ‡ª,country-flag
ğŸ‡¨ğŸ‡±,country-flag
ğŸ‡µğŸ‡ª,country-flag
ğŸ‡µğŸ‡°,country-flag
ğŸ‡»ğŸ‡ª,country-flag
ğŸ‡µğŸ‡¸,country-flag
ğŸ‡µğŸ‡·,country-flag
ğŸ‡®ğŸ‡©,country-flag
ğŸ‡¨ğŸ‡³,country-flag
ğŸ‡¸ğŸ‡¦,country-flag
ğŸ‡¦ğŸ‡¹,country-flag
ğŸ‡ªğŸ‡¨,country-flag
ğŸ‡µğŸ‡¹,country-flag
ğŸ‡·ğŸ‡º,country-flag
ğŸ‡¿ğŸ‡¦,country-flag
ğŸ‡³ğŸ‡¬,country-flag
ğŸ‡µğŸ‡±,country-flag
ğŸ‡®ğŸ‡ª,country-flag
ğŸ‡¬ğŸ‡·,country-flag
ğŸ‡²ğŸ‡¦,country-flag
ğŸ‡±ğŸ‡·,country-flag
ğŸ‡¹ğŸ‡­,country-flag
ğŸ‡¸ğŸ‡ª,country-flag
ğŸ‡ºğŸ‡¦,country-flag
ğŸ‡¯ğŸ‡²,country-flag
ğŸ‡³ğŸ‡±,country-flag
ğŸ‡¬ğŸ‡­,country-flag
ğŸ‡¾ğŸ‡ª,country-flag
ğŸ‡ªğŸ‡º,country-flag
ğŸ‡§ğŸ‡ª,country-flag
ğŸ‡¨ğŸ‡º,country-flag
ğŸ‡¨ğŸ‡­,country-flag
ğŸ‡©ğŸ‡´,country-flag
ğŸ‡²ğŸ‡¨,country-flag
ğŸ‡¨ğŸ‡®,country-flag
ğŸ‡«ğŸ‡®,country-flag
ğŸ‡ªğŸ‡¦,country-flag
ğŸ‡¹ğŸ‡³,country-flag
ğŸ‡³ğŸ‡´,country-flag
ğŸ‡ºğŸ‡¾,country-flag
ğŸ‡©ğŸ‡°,country-flag
ğŸ‡¸ğŸ‡»,country-flag
ğŸ‡µğŸ‡¾,country-flag
ğŸ‡²ğŸ‡¾,country-flag
ğŸ‡§ğŸ‡´,country-flag
ğŸ‡§ğŸ‡©,country-flag
ğŸ‡»ğŸ‡³,country-flag
ğŸ‡¨ğŸ‡·,country-flag
ğŸ‡¬ğŸ‡¹,country-flag
ğŸ‡­ğŸ‡º,country-flag
ğŸ‡³ğŸ‡®,country-flag
ğŸ‡°ğŸ‡¼,country-flag
ğŸ‡¦ğŸ‡¿,country-flag
ğŸ‡¶ğŸ‡¦,country-flag
ğŸ‡¸ğŸ‡©,country-flag
ğŸ‡®ğŸ‡¶,country-flag
ğŸ‡¨ğŸ‡©,country-flag
ğŸ‡¨ğŸ‡²,country-flag
ğŸ‡¨ğŸ‡µ,country-flag
ğŸ‡¦ğŸ‡«,country-flag
ğŸ‡­ğŸ‡¹,country-flag
ğŸ‡¦ğŸ‡²,country-flag
ğŸ‡µğŸ‡¦,country-flag
ğŸ‡­ğŸ‡³,country-flag
ğŸ‡°ğŸ‡ª,country-flag
ğŸ‡¦ğŸ‡±,country-flag
ğŸ‡³ğŸ‡¿,country-flag
ğŸ‡±ğŸ‡§,country-flag
ğŸ‡¨ğŸ‡¿,country-flag
ğŸ‡¸ğŸ‡¬,country-flag
ğŸ‡¹ğŸ‡¼,country-flag
ğŸ‡­ğŸ‡°,country-flag
ğŸ‡§ğŸ‡­,country-flag
ğŸ‡¹ğŸ‡¿,country-flag
ğŸ‡¯ğŸ‡´,country-flag
ğŸ‡¸ğŸ‡¾,country-flag
ğŸ‡¹ğŸ‡¹,country-flag
ğŸ‡®ğŸ‡·,country-flag
ğŸ‡­ğŸ‡·,country-flag
ğŸ‡±ğŸ‡¾,country-flag
ğŸ‡¸ğŸ‡³,country-flag
ğŸ‡¦ğŸ‡´,country-flag
ğŸ‡±ğŸ‡°,country-flag
ğŸ‡¿ğŸ‡¼,country-flag
ğŸ‡³ğŸ‡ª,country-flag
ğŸ‡ºğŸ‡¬,country-flag
ğŸ‡·ğŸ‡¸,country-flag
ğŸ‡·ğŸ‡´,country-flag
ğŸ‡³ğŸ‡µ,country-flag
ğŸ‡ªğŸ‡ª,country-flag
ğŸ‡²ğŸ‡±,country-flag
ğŸ‡§ğŸ‡¬,country-flag
ğŸ‡¬ğŸ‡³,country-flag
ğŸ‡§ğŸ‡¼,country-flag
ğŸ‡¿ğŸ‡²,country-flag
ğŸ‡»ğŸ‡®,country-flag
ğŸ‡¸ğŸ‡´,country-flag
ğŸ‡§ğŸ‡§,country-flag
ğŸ‡®ğŸ‡¸,country-flag
ğŸ‡§ğŸ‡¯,country-flag
ğŸ‡±ğŸ‡»,country-flag
ğŸ‡§ğŸ‡¦,country-flag
ğŸ‡¬ğŸ‡ª,country-flag
ğŸ‡¼ğŸ‡¸,country-flag
ğŸ‡´ğŸ‡²,country-flag
ğŸ‡ºğŸ‡³,country-flag
ğŸ‡§ğŸ‡®,country-flag
ğŸ‡¬ğŸ‡¾,country-flag
ğŸ‡²ğŸ‡¬,country-flag
ğŸ‡²ğŸ‡°,country-flag
ğŸ‡¦ğŸ‡¨,country-flag
ğŸ‡¦ğŸ‡©,country-flag
ğŸ‡»ğŸ‡¨,country-flag
ğŸ‡§ğŸ‡¾,country-flag
ğŸ‡¦ğŸ‡¶,country-flag
ğŸ‡ºğŸ‡¿,country-flag
ğŸ‡¦ğŸ‡½,country-flag
ğŸ‡±ğŸ‡º,country-flag
ğŸ‡±ğŸ‡¹,country-flag
ğŸ‡¦ğŸ‡¬,country-flag
ğŸ‡»ğŸ‡¦,country-flag
ğŸ‡§ğŸ‡»,country-flag
ğŸ‡¦ğŸ‡¼,country-flag
ğŸ‡¨ğŸ‡¾,country-flag
ğŸ‡¹ğŸ‡¯,country-flag
ğŸ‡§ğŸ‡¸,country-flag
ğŸ‡¸ğŸ‡°,country-flag
ğŸ‡ªğŸ‡·,country-flag
ğŸ‡­ğŸ‡²,country-flag
ğŸ‡²ğŸ‡²,country-flag
ğŸ‡°ğŸ‡µ,country-flag
ğŸ‡°ğŸ‡­,country-flag
ğŸ‡¹ğŸ‡´,country-flag
ğŸ‡»ğŸ‡º,country-flag
ğŸ‡¦ğŸ‡¸,country-flag
ğŸ‡°ğŸ‡¿,country-flag
ğŸ‡¦ğŸ‡®,country-flag
ğŸ‡§ğŸ‡«,country-flag
ğŸ‡²ğŸ‡·,country-flag
ğŸ‡»ğŸ‡¬,country-flag
ğŸ‡ªğŸ‡¹,country-flag
ğŸ‡¹ğŸ‡»,country-flag
ğŸ‡®ğŸ‡¨,country-flag
ğŸ‡¸ğŸ‡±,country-flag
ğŸ‡²ğŸ‡¹,country-flag
ğŸ‡½ğŸ‡°,country-flag
ğŸ‡¸ğŸ‡®,country-flag
ğŸ‡²ğŸ‡ª,country-flag
ğŸ‡§ğŸ‡²,country-flag
ğŸ‡¹ğŸ‡²,country-flag
ğŸ‡¨ğŸ‡¬,country-flag
ğŸ‡§ğŸ‡¹,country-flag
ğŸ‡¹ğŸ‡©,country-flag
ğŸ‡¨ğŸ‡¨,country-flag
ğŸ‡¹ğŸ‡¬,country-flag
ğŸ‡«ğŸ‡¯,country-flag
ğŸ‡¹ğŸ‡±,country-flag
ğŸ‡§ğŸ‡³,country-flag
ğŸ‡·ğŸ‡¼,country-flag
ğŸ‡®ğŸ‡´,country-flag
ğŸ‡³ğŸ‡¦,country-flag
ğŸ‡ªğŸ‡­,country-flag
ğŸ‡¬ğŸ‡²,country-flag
ğŸ‡¹ğŸ‡¨,country-flag
ğŸ‡¨ğŸ‡»,country-flag
ğŸ‡¬ğŸ‡¼,country-flag
ğŸ‡¬ğŸ‡¦,country-flag
ğŸ‡²ğŸ‡»,country-flag
ğŸ‡¼ğŸ‡«,country-flag
ğŸ‡¸ğŸ‡¯,country-flag
ğŸ‡¬ğŸ‡º,country-flag
ğŸ‡²ğŸ‡«,country-flag
ğŸ‡®ğŸ‡²,country-flag
ğŸ‡¨ğŸ‡°,country-flag
ğŸ‡²ğŸ‡³,country-flag
ğŸ‡§ğŸ‡¿,country-flag
ğŸ‡¸ğŸ‡¿,country-flag
ğŸ‡¬ğŸ‡©,country-flag
ğŸ‡¬ğŸ‡±,country-flag
ğŸ‡±ğŸ‡¨,country-flag
ğŸ‡°ğŸ‡¬,country-flag
ğŸ‡±ğŸ‡¦,country-flag
ğŸ‡²ğŸ‡´,country-flag
ğŸ‡²ğŸ‡¿,country-flag
ğŸ‡©ğŸ‡²,country-flag
ğŸ‡§ğŸ‡¶,country-flag
ğŸ‡¨ğŸ‡«,country-flag
ğŸ‡¸ğŸ‡²,country-flag
ğŸ‡«ğŸ‡²,country-flag
ğŸ‡¹ğŸ‡°,country-flag
ğŸ‡°ğŸ‡³,country-flag
ğŸ‡³ğŸ‡«,country-flag
ğŸ‡¾ğŸ‡¹,country-flag
ğŸ‡²ğŸ‡©,country-flag
ğŸ‡«ğŸ‡°,country-flag
ğŸ‡©ğŸ‡¯,country-flag
ğŸ‡²ğŸ‡¼,country-flag
ğŸ‡¸ğŸ‡½,country-flag
ğŸ‡«ğŸ‡´,country-flag
ğŸ‡¨ğŸ‡¼,country-flag
ğŸ‡¹ğŸ‡¦,country-flag
ğŸ‡¸ğŸ‡¸,country-flag
ğŸ‡±ğŸ‡¸,country-flag
ğŸ‡§ğŸ‡±,country-flag
ğŸ‡¸ğŸ‡¹,country-flag
ğŸ‡°ğŸ‡²,country-flag
ğŸ‡²ğŸ‡º,country-flag
ğŸ‡¯ğŸ‡ª,country-flag
ğŸ‡¬ğŸ‡¸,country-flag
ğŸ‡¬ğŸ‡¬,country-flag
ğŸ‡°ğŸ‡®,country-flag
ğŸ‡¸ğŸ‡·,country-flag
ğŸ‡µğŸ‡¬,country-flag
ğŸ‡²ğŸ‡­,country-flag
ğŸ‡¸ğŸ‡­,country-flag
ğŸ‡¨ğŸ‡½,country-flag
ğŸ‡¬ğŸ‡«,country-flag
ğŸ‡µğŸ‡³,country-flag
ğŸ‡¬ğŸ‡®,country-flag
ğŸ‡¸ğŸ‡¨,country-flag
ğŸ‡©ğŸ‡¬,country-flag
ğŸ‡±ğŸ‡®,country-flag
ğŸ‡³ğŸ‡º,country-flag
ğŸ‡°ğŸ‡¾,country-flag
ğŸ‡¹ğŸ‡«,country-flag
ğŸ‡²ğŸ‡¸,country-flag
ğŸ‡¬ğŸ‡¶,country-flag
ğŸ‡µğŸ‡«,country-flag
ğŸ‡·ğŸ‡ª,country-flag
ğŸ‡²ğŸ‡µ,country-flag
ğŸ‡²ğŸ‡¶,country-flag
ğŸ‡³ğŸ‡·,country-flag
ğŸ‡³ğŸ‡¨,country-flag
ğŸ‡¬ğŸ‡µ,country-flag
ğŸ‡µğŸ‡²,country-flag
ğŸ‡¸ğŸ‡§,country-flag
ğŸ‡µğŸ‡¼,country-flag
ğŸ’²,currency
ğŸ’±,currency
ğŸ”ª,dishware
ğŸ´,dishware
ğŸ½ï¸,dishware
ğŸ¥„,dishware
ğŸ¥¢,dishware
ğŸº,dishware
ğŸ»,drink
â˜•,drink
ğŸ¥‚,drink
ğŸ·,drink
ğŸº,drink
ğŸ¾,drink
ğŸ¼,drink
ğŸ¥ƒ,drink
ğŸ¹,drink
ğŸ¸,drink
ğŸµ,drink
ğŸ¥›,drink
ğŸ¥¤,drink
ğŸ¶,drink
ğŸ§ƒ,drink
ğŸ§Š,drink
ğŸ§‰,drink
â¤ï¸,emotion
ğŸ’•,emotion
ğŸ’œ,emotion
ğŸ’–,emotion
ğŸ’—,emotion
ğŸ’,emotion
ğŸ’¯,emotion
ğŸ’™,emotion
â£ï¸,emotion
ğŸ’‹,emotion
ğŸ’”,emotion
ğŸ’“,emotion
ğŸ’š,emotion
ğŸ–¤,emotion
ğŸ’¥,emotion
ğŸ’›,emotion
ğŸ’¦,emotion
ğŸ’,emotion
ğŸ’¤,emotion
ğŸ’˜,emotion
ğŸ§¡,emotion
ğŸ¤,emotion
ğŸ’¢,emotion
ğŸ’¨,emotion
ğŸ’«,emotion
ğŸ’£,emotion
ğŸ’Œ,emotion
ğŸ’Ÿ,emotion
ğŸ’­,emotion
ğŸ¤,emotion
ğŸ•³ï¸,emotion
ğŸ’¬,emotion
ğŸ—¯ï¸,emotion
ğŸ—¨ï¸,emotion
ğŸ‘ï¸â€ğŸ—¨ï¸,emotion
ğŸ‰,event
âœ¨,event
ğŸˆ,event
ğŸŠ,event
ğŸ,event
ğŸ€,event
ğŸ†,event
ğŸ‡,event
ğŸƒ,event
ğŸ„,event
ğŸ‹,event
ğŸ—ï¸,event
ğŸŸï¸,event
ğŸ«,event
ğŸ§¨,event
ğŸ,event
ğŸ,event
ğŸ,event
ğŸ,event
ğŸ§§,event
ğŸ‘,event
ğŸ˜˜,face-affection
ğŸ¥°,face-affection
ğŸ˜,face-affection
â˜ºï¸,face-affection
ğŸ¤©,face-affection
ğŸ˜š,face-affection
ğŸ˜™,face-affection
ğŸ˜—,face-affection
ğŸ˜­,face-concerned
ğŸ¥º,face-concerned
ğŸ˜³,face-concerned
ğŸ˜¢,face-concerned
ğŸ˜©,face-concerned
ğŸ˜±,face-concerned
â˜¹ï¸,face-concerned
ğŸ˜,face-concerned
ğŸ˜¥,face-concerned
ğŸ˜«,face-concerned
ğŸ˜²,face-concerned
ğŸ˜•,face-concerned
ğŸ˜“,face-concerned
ğŸ˜Ÿ,face-concerned
ğŸ˜£,face-concerned
ğŸ˜–,face-concerned
ğŸ˜®,face-concerned
ğŸ¥±,face-concerned
ğŸ™,face-concerned
ğŸ˜°,face-concerned
ğŸ˜¯,face-concerned
ğŸ˜¨,face-concerned
ğŸ˜§,face-concerned
ğŸ˜¦,face-concerned
ğŸ’©,face-costume
ğŸ¤¡,face-costume
ğŸ‘¹,face-costume
ğŸ‘»,face-costume
ğŸ‘½,face-costume
ğŸ‘º,face-costume
ğŸ¤–,face-costume
ğŸ‘¾,face-costume
ğŸ˜,face-glasses
ğŸ¤“,face-glasses
ğŸ§,face-glasses
ğŸ¤—,face-hand
ğŸ¤”,face-hand
ğŸ¤­,face-hand
ğŸ¤«,face-hand
ğŸ¥³,face-hat
ğŸ¤ ,face-hat
ğŸ˜¡,face-negative
ğŸ’€,face-negative
ğŸ˜ˆ,face-negative
ğŸ˜¤,face-negative
ğŸ¤¬,face-negative
ğŸ˜ ,face-negative
â˜ ï¸,face-negative
ğŸ‘¿,face-negative
ğŸ™„,face-neutral-skeptical
ğŸ˜,face-neutral-skeptical
ğŸ˜¬,face-neutral-skeptical
ğŸ˜,face-neutral-skeptical
ğŸ˜’,face-neutral-skeptical
ğŸ˜‘,face-neutral-skeptical
ğŸ¤¨,face-neutral-skeptical
ğŸ˜¶,face-neutral-skeptical
ğŸ¤,face-neutral-skeptical
ğŸ¤¥,face-neutral-skeptical
ğŸ˜”,face-sleepy
ğŸ¤¤,face-sleepy
ğŸ˜Œ,face-sleepy
ğŸ˜´,face-sleepy
ğŸ˜ª,face-sleepy
ğŸ˜‚,face-smiling
ğŸ¤£,face-smiling
ğŸ˜Š,face-smiling
ğŸ˜,face-smiling
ğŸ˜…,face-smiling
ğŸ˜‰,face-smiling
ğŸ˜†,face-smiling
ğŸ™‚,face-smiling
ğŸ˜€,face-smiling
ğŸ˜„,face-smiling
ğŸ˜ƒ,face-smiling
ğŸ™ƒ,face-smiling
ğŸ˜‡,face-smiling
ğŸ˜‹,face-tongue
ğŸ˜œ,face-tongue
ğŸ¤ª,face-tongue
ğŸ˜,face-tongue
ğŸ˜›,face-tongue
ğŸ¤‘,face-tongue
ğŸ¥µ,face-unwell
ğŸ¥´,face-unwell
ğŸ¤®,face-unwell
ğŸ¤¢,face-unwell
ğŸ¤¯,face-unwell
ğŸ¥¶,face-unwell
ğŸ˜·,face-unwell
ğŸ˜µ,face-unwell
ğŸ¤§,face-unwell
ğŸ¤•,face-unwell
ğŸ¤’,face-unwell
ğŸ’,family
ğŸ’‘,family
ğŸ‘«,family
ğŸ‘­,family
ğŸ‘©â€â¤ï¸â€ğŸ’‹â€ğŸ‘¨,family
ğŸ‘©â€â¤ï¸â€ğŸ‘¨,family
ğŸ‘©â€â¤ï¸â€ğŸ’‹â€ğŸ‘©,family
ğŸ‘¬,family
ğŸ‘ª,family
ğŸ‘¨â€â¤ï¸â€ğŸ’‹â€ğŸ‘¨,family
ğŸ‘©â€â¤ï¸â€ğŸ‘©,family
ğŸ‘¨â€â¤ï¸â€ğŸ‘¨,family
ğŸ§‘â€ğŸ¤â€ğŸ§‘,family
ğŸ‘¨â€ğŸ‘©â€ğŸ‘§â€ğŸ‘¦,family
ğŸ‘¨â€ğŸ‘©â€ğŸ‘§,family
ğŸ‘©â€ğŸ‘§,family
ğŸ‘©â€ğŸ‘¦,family
ğŸ‘¨â€ğŸ‘©â€ğŸ‘¦,family
ğŸ‘¨â€ğŸ‘©â€ğŸ‘¦â€ğŸ‘¦,family
ğŸ‘¨â€ğŸ‘©â€ğŸ‘§â€ğŸ‘§,family
ğŸ‘¨â€ğŸ‘§,family
ğŸ‘©â€ğŸ‘§â€ğŸ‘¦,family
ğŸ‘¨â€ğŸ‘¦,family
ğŸ‘©â€ğŸ‘§â€ğŸ‘§,family
ğŸ‘©â€ğŸ‘©â€ğŸ‘§,family
ğŸ‘©â€ğŸ‘¦â€ğŸ‘¦,family
ğŸ‘©â€ğŸ‘©â€ğŸ‘§â€ğŸ‘§,family
ğŸ‘©â€ğŸ‘©â€ğŸ‘§â€ğŸ‘¦,family
ğŸ‘¨â€ğŸ‘¨â€ğŸ‘§â€ğŸ‘§,family
ğŸ‘¨â€ğŸ‘¨â€ğŸ‘¦,family
ğŸ‘¨â€ğŸ‘§â€ğŸ‘¦,family
ğŸ‘¨â€ğŸ‘¨â€ğŸ‘¦â€ğŸ‘¦,family
ğŸ‘¨â€ğŸ‘¨â€ğŸ‘§â€ğŸ‘¦,family
ğŸ‘¨â€ğŸ‘¦â€ğŸ‘¦,family
ğŸ‘©â€ğŸ‘©â€ğŸ‘¦,family
ğŸ‘©â€ğŸ‘©â€ğŸ‘¦â€ğŸ‘¦,family
ğŸ‘¨â€ğŸ‘¨â€ğŸ‘§,family
ğŸ‘¨â€ğŸ‘§â€ğŸ‘§,family
ğŸš©,flag
ğŸ³ï¸â€ğŸŒˆ,flag
ğŸ,flag
ğŸ´â€â˜ ï¸,flag
ğŸ´,flag
ğŸ³ï¸,flag
ğŸŒ,flag
ğŸœ,food-asian
ğŸ,food-asian
ğŸš,food-asian
ğŸ¤,food-asian
ğŸ£,food-asian
ğŸ¡,food-asian
ğŸ¥,food-asian
ğŸ¥Ÿ,food-asian
ğŸ ,food-asian
ğŸ›,food-asian
ğŸ±,food-asian
ğŸ¢,food-asian
ğŸ™,food-asian
ğŸ¥¡,food-asian
ğŸ¥®,food-asian
ğŸ˜,food-asian
ğŸ¥ ,food-asian
ğŸ“,food-fruit
ğŸ‘,food-fruit
ğŸ’,food-fruit
ğŸ,food-fruit
ğŸŠ,food-fruit
ğŸŒ,food-fruit
ğŸ‹,food-fruit
ğŸ…,food-fruit
ğŸ‰,food-fruit
ğŸ,food-fruit
ğŸ‡,food-fruit
ğŸ,food-fruit
ğŸ¥­,food-fruit
ğŸˆ,food-fruit
ğŸ¥,food-fruit
ğŸ¥¥,food-fruit
ğŸ,food-fruit
ğŸ¦€,food-marine
ğŸ¦,food-marine
ğŸ¦,food-marine
ğŸ¦‘,food-marine
ğŸ¦ª,food-marine
ğŸ•,food-prepared
ğŸŒ®,food-prepared
ğŸ¥š,food-prepared
ğŸ¿,food-prepared
ğŸ”,food-prepared
ğŸ—,food-prepared
ğŸ§€,food-prepared
ğŸ,food-prepared
ğŸ¥“,food-prepared
ğŸ¥©,food-prepared
ğŸŸ,food-prepared
ğŸ¥,food-prepared
ğŸ–,food-prepared
ğŸŒ­,food-prepared
ğŸŒ¯,food-prepared
ğŸ¥ª,food-prepared
ğŸ³,food-prepared
ğŸ¥—,food-prepared
ğŸ¥«,food-prepared
ğŸ¥,food-prepared
ğŸ¥£,food-prepared
ğŸ¥–,food-prepared
ğŸ²,food-prepared
ğŸ¥¨,food-prepared
ğŸ¥¯,food-prepared
ğŸ§ˆ,food-prepared
ğŸ§‡,food-prepared
ğŸ§‚,food-prepared
ğŸ¥˜,food-prepared
ğŸ¥™,food-prepared
ğŸ§†,food-prepared
ğŸ‚,food-sweet
ğŸ°,food-sweet
ğŸ§,food-sweet
ğŸ«,food-sweet
ğŸ­,food-sweet
ğŸ¨,food-sweet
ğŸ¦,food-sweet
ğŸ¬,food-sweet
ğŸª,food-sweet
ğŸ©,food-sweet
ğŸ¥§,food-sweet
ğŸ¯,food-sweet
ğŸ§,food-sweet
ğŸ®,food-sweet
ğŸ†,food-vegetable
ğŸŒ¶ï¸,food-vegetable
ğŸ„,food-vegetable
ğŸ¥’,food-vegetable
ğŸ¥”,food-vegetable
ğŸ¥‘,food-vegetable
ğŸ¥•,food-vegetable
ğŸŒ½,food-vegetable
ğŸ¥œ,food-vegetable
ğŸ¥¦,food-vegetable
ğŸ¥¬,food-vegetable
ğŸŒ°,food-vegetable
ğŸ§…,food-vegetable
ğŸ§„,food-vegetable
â™¥ï¸,game
ğŸ¯,game
ğŸ§¸,game
â™ ï¸,game
â™¦ï¸,game
ğŸ”®,game
ğŸ®,game
ğŸ§¿,game
ğŸ²,game
â™£ï¸,game
ğŸ±,game
ğŸƒ,game
ğŸ§©,game
ğŸ€„,game
ğŸ°,game
ğŸ•¹ï¸,game
â™Ÿï¸,game
ğŸª,game
ğŸ´,game
ğŸª€,game
â™€ï¸,gender
â™‚ï¸,gender
ğŸ”´,geometric
ğŸ”µ,geometric
âš«,geometric
âšª,geometric
ğŸ”¹,geometric
ğŸŸ©,geometric
ğŸ”»,geometric
ğŸ’ ,geometric
ğŸ”·,geometric
â¬›,geometric
ğŸ”º,geometric
ğŸ”¸,geometric
ğŸ”¶,geometric
ğŸ”˜,geometric
â¬œ,geometric
â–ªï¸,geometric
ğŸŸ¥,geometric
ğŸŸ¡,geometric
ğŸŸ¦,geometric
ğŸŸ¨,geometric
ğŸŸ£,geometric
â—¾,geometric
ğŸŸ¢,geometric
ğŸŸ§,geometric
â—¼ï¸,geometric
ğŸŸ«,geometric
ğŸŸª,geometric
â–«ï¸,geometric
â—½,geometric
ğŸŸ¤,geometric
ğŸŸ ,geometric
ğŸ”²,geometric
â—»ï¸,geometric
ğŸ”³,geometric
ğŸ¦²,hair-style
ğŸ¦±,hair-style
ğŸ¦°,hair-style
ğŸ¦³,hair-style
ğŸ‘,hand-fingers-closed
ğŸ‘Š,hand-fingers-closed
ğŸ‘,hand-fingers-closed
âœŠ,hand-fingers-closed
ğŸ¤œ,hand-fingers-closed
ğŸ¤›,hand-fingers-closed
ğŸ‘‹,hand-fingers-open
âœ‹,hand-fingers-open
ğŸ–ï¸,hand-fingers-open
ğŸ¤š,hand-fingers-open
ğŸ––,hand-fingers-open
ğŸ‘Œ,hand-fingers-partial
âœŒï¸,hand-fingers-partial
ğŸ¤,hand-fingers-partial
ğŸ¤˜,hand-fingers-partial
ğŸ¤™,hand-fingers-partial
ğŸ¤Ÿ,hand-fingers-partial
ğŸ¤,hand-fingers-partial
ğŸ’…,hand-prop
âœï¸,hand-prop
ğŸ¤³,hand-prop
ğŸ‘‡,hand-single-finger
ğŸ‘‰,hand-single-finger
ğŸ–•,hand-single-finger
â˜ï¸,hand-single-finger
ğŸ‘ˆ,hand-single-finger
ğŸ‘†,hand-single-finger
ğŸ™,hands
ğŸ‘,hands
ğŸ™Œ,hands
ğŸ¤,hands
ğŸ¤²,hands
ğŸ‘,hands
ğŸ§³,hotel
ğŸ›ï¸,hotel
ğŸš¿,household
ğŸ›ï¸,household
ğŸš½,household
ğŸšª,household
ğŸ§¹,household
ğŸ§º,household
ğŸ›’,household
ğŸ§¼,household
ğŸ›,household
ğŸª‘,household
ğŸ›‹ï¸,household
ğŸ§»,household
ğŸ§½,household
ğŸª’,household
ğŸ§´,household
ğŸ§¯,household
ğŸ§·,household
1ï¸âƒ£,keycap
2ï¸âƒ£,keycap
3ï¸âƒ£,keycap
0ï¸âƒ£,keycap
4ï¸âƒ£,keycap
5ï¸âƒ£,keycap
6ï¸âƒ£,keycap
7ï¸âƒ£,keycap
9ï¸âƒ£,keycap
8ï¸âƒ£,keycap
ğŸ”Ÿ,keycap
#ï¸âƒ£,keycap
*ï¸âƒ£,keycap
ğŸ“¸,light & video
ğŸ’¡,light & video
ğŸ“º,light & video
ğŸ“·,light & video
ğŸ¥,light & video
ğŸ•¯ï¸,light & video
ğŸ¬,light & video
ğŸ“½ï¸,light & video
ğŸ”,light & video
ğŸ“¹,light & video
ğŸ”,light & video
ğŸï¸,light & video
ğŸª”,light & video
ğŸ®,light & video
ğŸ”¦,light & video
ğŸ“¼,light & video
ğŸ”’,lock
ğŸ—ï¸,lock
ğŸ”,lock
ğŸ”‘,lock
ğŸ”“,lock
ğŸ”,lock
ğŸ“©,mail
ğŸ“®,mail
âœ‰ï¸,mail
ğŸ“¦,mail
ğŸ“¬,mail
ğŸ—³ï¸,mail
ğŸ“§,mail
ğŸ“¨,mail
ğŸ“¤,mail
ğŸ“¥,mail
ğŸ“«,mail
ğŸ“­,mail
ğŸ“ª,mail
âœ–ï¸,math
â™¾ï¸,math
â–,math
â•,math
â—,math
ğŸ’‰,medical
ğŸ’Š,medical
ğŸ©¸,medical
ğŸ©¹,medical
ğŸ©º,medical
ğŸ’°,money
ğŸ’¸,money
ğŸ’µ,money
ğŸ’³,money
ğŸ’´,money
ğŸ’¶,money
ğŸ’·,money
ğŸ§¾,money
ğŸ’¹,money
ğŸ™ˆ,monkey-face
ğŸ™Š,monkey-face
ğŸ™‰,monkey-face
ğŸ¶,music
ğŸµ,music
ğŸ¤,music
ğŸ¼,music
ğŸ§,music
ğŸ™ï¸,music
ğŸ“»,music
ğŸšï¸,music
ğŸ›ï¸,music
ğŸ¸,musical-instrument
ğŸ»,musical-instrument
ğŸ¥,musical-instrument
ğŸ¹,musical-instrument
ğŸº,musical-instrument
ğŸ·,musical-instrument
ğŸª•,musical-instrument
ğŸ“Œ,office
ğŸ“,office
ğŸ—‘ï¸,office
ğŸ“ˆ,office
âœ‚ï¸,office
ğŸ—“ï¸,office
ğŸ“‰,office
ğŸ–‡ï¸,office
ğŸ“†,office
ğŸ“…,office
ğŸ“,office
ğŸ“Š,office
ğŸ“,office
ğŸ’¼,office
ğŸ“,office
ğŸ“‹,office
ğŸ“,office
ğŸ—’ï¸,office
ğŸ“‚,office
ğŸ—„ï¸,office
ğŸ—ƒï¸,office
ğŸ—‚ï¸,office
ğŸ“‡,office
ğŸš¬,other-object
ğŸ—¿,other-object
âš°ï¸,other-object
âš±ï¸,other-object
âœ”ï¸,other-symbol
âœ…,other-symbol
âŒ,other-symbol
â˜‘ï¸,other-symbol
â­•,other-symbol
â™»ï¸,other-symbol
ğŸ”°,other-symbol
â‡ï¸,other-symbol
âšœï¸,other-symbol
ğŸ”±,other-symbol
âœ³ï¸,other-symbol
âœ´ï¸,other-symbol
â,other-symbol
ğŸ“›,other-symbol
ã€½ï¸,other-symbol
â°,other-symbol
âš•ï¸,other-symbol
â¿,other-symbol
ğŸ‘¶,person
ğŸ‘©,person
ğŸ‘§,person
ğŸ‘¦,person
ğŸ‘¨,person
ğŸ‘µ,person
ğŸ‘´,person
ğŸ‘±,person
ğŸ§“,person
ğŸ§”,person
ğŸ§’,person
ğŸ§‘,person
ğŸ‘©â€ğŸ¦°,person
ğŸ‘©â€ğŸ¦²,person
ğŸ‘©â€ğŸ¦±,person
ğŸ‘©â€ğŸ¦³,person
ğŸ‘¨â€ğŸ¦³,person
ğŸ‘¨â€ğŸ¦±,person
ğŸ‘¨â€ğŸ¦²,person
ğŸ‘¨â€ğŸ¦°,person
ğŸ’ƒ,person-activity
ğŸƒ,person-activity
ğŸš¶,person-activity
ğŸ•º,person-activity
ğŸ§,person-activity
ğŸ‘¯,person-activity
ğŸ’†,person-activity
ğŸ’‡,person-activity
ğŸ•´ï¸,person-activity
ğŸ§,person-activity
ğŸ§–,person-activity
ğŸ§—,person-activity
ğŸ‘©â€ğŸ¦¯,person-activity
ğŸ‘¨â€ğŸ¦¯,person-activity
ğŸ‘©â€ğŸ¦½,person-activity
ğŸ‘©â€ğŸ¦¼,person-activity
ğŸ‘¨â€ğŸ¦½,person-activity
ğŸ‘¨â€ğŸ¦¼,person-activity
ğŸ§š,person-fantasy
ğŸ‘¼,person-fantasy
ğŸ§Ÿ,person-fantasy
ğŸ§œ,person-fantasy
ğŸ¦¸,person-fantasy
ğŸ§™,person-fantasy
ğŸ§›,person-fantasy
ğŸ¦¹,person-fantasy
ğŸ§,person-fantasy
ğŸ…,person-fantasy
ğŸ§,person-fantasy
ğŸ¤¶,person-fantasy
ğŸ¤¦,person-gesture
ğŸ¤·,person-gesture
ğŸ™‹,person-gesture
ğŸ™‡,person-gesture
ğŸ’,person-gesture
ğŸ™…,person-gesture
ğŸ™†,person-gesture
ğŸ™,person-gesture
ğŸ™,person-gesture
ğŸ§,person-gesture
ğŸ›Œ,person-resting
ğŸ§˜,person-resting
ğŸ›€,person-resting
ğŸ‘¸,person-role
ğŸ‘®,person-role
ğŸ¤°,person-role
ğŸ‘°,person-role
ğŸ¤´,person-role
ğŸ¤±,person-role
ğŸ•µï¸,person-role
ğŸ‘·,person-role
ğŸ‘©â€ğŸ“,person-role
ğŸ¤µ,person-role
ğŸ‘³,person-role
ğŸ§•,person-role
ğŸ‘©â€ğŸ³,person-role
ğŸ‘©â€âš•ï¸,person-role
ğŸ‘©â€ğŸ’»,person-role
ğŸ‘¨â€ğŸ³,person-role
ğŸ’‚,person-role
ğŸ‘¨â€ğŸ“,person-role
ğŸ‘¨â€ğŸ’»,person-role
ğŸ‘©â€ğŸ«,person-role
ğŸ‘¨â€âš•ï¸,person-role
ğŸ‘©â€ğŸ¤,person-role
ğŸ‘©â€ğŸŒ¾,person-role
ğŸ‘²,person-role
ğŸ‘¨â€ğŸŒ¾,person-role
ğŸ‘¨â€ğŸ«,person-role
ğŸ‘©â€ğŸ”¬,person-role
ğŸ‘©â€ğŸ¨,person-role
ğŸ‘©â€ğŸ’¼,person-role
ğŸ‘¨â€ğŸ¤,person-role
ğŸ‘©â€ğŸš€,person-role
ğŸ‘©â€ğŸš’,person-role
ğŸ‘¨â€âœˆï¸,person-role
ğŸ‘¨â€ğŸš€,person-role
ğŸ‘©â€ğŸ”§,person-role
ğŸ‘¨â€ğŸš’,person-role
ğŸ‘¨â€ğŸ’¼,person-role
ğŸ‘©â€âš–ï¸,person-role
ğŸ‘¨â€ğŸ”¬,person-role
ğŸ‘¨â€ğŸ¨,person-role
ğŸ‘©â€âœˆï¸,person-role
ğŸ‘¨â€âš–ï¸,person-role
ğŸ‘¨â€ğŸ”§,person-role
ğŸ‘©â€ğŸ­,person-role
ğŸ‘¨â€ğŸ­,person-role
ğŸ¤¸,person-sport
ğŸ‹ï¸,person-sport
ğŸš´,person-sport
ğŸŠ,person-sport
ğŸ„,person-sport
ğŸŒï¸,person-sport
ğŸ¤º,person-sport
ğŸ‡,person-sport
â›¹ï¸,person-sport
ğŸš£,person-sport
â›·ï¸,person-sport
ğŸ¤¼,person-sport
ğŸšµ,person-sport
ğŸ¤¹,person-sport
ğŸ¤¾,person-sport
ğŸ‚,person-sport
ğŸ¤½,person-sport
ğŸ—£ï¸,person-symbol
ğŸ‘£,person-symbol
ğŸ‘¤,person-symbol
ğŸ‘¥,person-symbol
â˜ï¸,phone
ğŸ“±,phone
ğŸ“²,phone
ğŸ“,phone
ğŸ“ ,phone
ğŸ“Ÿ,phone
ğŸ ,place-building
ğŸ¡,place-building
ğŸ˜ï¸,place-building
ğŸ’’,place-building
ğŸ«,place-building
ğŸ—½,place-building
ğŸ¥,place-building
ğŸ©,place-building
ğŸ§±,place-building
ğŸ°,place-building
ğŸŸï¸,place-building
ğŸ—¼,place-building
ğŸ¦,place-building
ğŸ¢,place-building
ğŸ¨,place-building
ğŸ¯,place-building
ğŸ›ï¸,place-building
ğŸª,place-building
ğŸ¬,place-building
ğŸšï¸,place-building
ğŸ—ï¸,place-building
ğŸ­,place-building
ğŸ£,place-building
ğŸ¤,place-building
ğŸ–ï¸,place-geographic
ğŸï¸,place-geographic
ğŸï¸,place-geographic
ğŸŒ‹,place-geographic
ğŸ”ï¸,place-geographic
ğŸ•ï¸,place-geographic
ğŸœï¸,place-geographic
ğŸ—»,place-geographic
â›°ï¸,place-geographic
ğŸŒ,place-map
ğŸŒ,place-map
ğŸŒ,place-map
ğŸŒ,place-map
ğŸ—ºï¸,place-map
ğŸ—¾,place-map
ğŸ§­,place-map
ğŸŒ„,place-other
ğŸŒƒ,place-other
ğŸŒ…,place-other
ğŸŒ‰,place-other
â™¨ï¸,place-other
ğŸŒ†,place-other
ğŸ’ˆ,place-other
ğŸ¡,place-other
ğŸª,place-other
ğŸŒ‡,place-other
ğŸ ,place-other
ğŸ¢,place-other
â›²,place-other
â›º,place-other
ğŸ™ï¸,place-other
ğŸŒ,place-other
ğŸ•‹,place-religious
ğŸ•Œ,place-religious
â›©ï¸,place-religious
â›ª,place-religious
ğŸ•,place-religious
ğŸ›•,place-religious
ğŸŒ¹,plant-flower
ğŸ’,plant-flower
ğŸŒ¸,plant-flower
ğŸŒ»,plant-flower
ğŸŒº,plant-flower
ğŸŒ·,plant-flower
ğŸŒ¼,plant-flower
ğŸ¥€,plant-flower
ğŸµï¸,plant-flower
ğŸ’®,plant-flower
ğŸ€,plant-other
ğŸŒ¿,plant-other
ğŸƒ,plant-other
ğŸŒ±,plant-other
ğŸŒ´,plant-other
â˜˜ï¸,plant-other
ğŸ,plant-other
ğŸŒ³,plant-other
ğŸ‚,plant-other
ğŸŒµ,plant-other
ğŸŒ¾,plant-other
ğŸŒ²,plant-other
â—,punctuation
â€¼ï¸,punctuation
â“,punctuation
â‰ï¸,punctuation
ã€°ï¸,punctuation
â•,punctuation
â”,punctuation
âœï¸,religion
â˜®ï¸,religion
ğŸ›,religion
ğŸ•‰ï¸,religion
â˜ªï¸,religion
â˜¯ï¸,religion
âœ¡ï¸,religion
ğŸ”¯,religion
âš›ï¸,religion
â˜¦ï¸,religion
â˜¸ï¸,religion
ğŸ•,religion
ğŸ§¬,science
ğŸ“¡,science
ğŸ§ª,science
ğŸ”­,science
ğŸ§«,science
ğŸ”¬,science
âš—ï¸,science
â¬š,skin-tone
ğŸ»,skin-tone
ğŸ¼,skin-tone
ğŸ½,skin-tone
ğŸ¾,skin-tone
ğŸ¿,skin-tone
ğŸ”¥,sky & weather
ğŸŒ,sky & weather
â˜€ï¸,sky & weather
ğŸŒŸ,sky & weather
ğŸŒˆ,sky & weather
ğŸŒ™,sky & weather
â­,sky & weather
âš¡,sky & weather
ğŸŒš,sky & weather
ğŸŒŠ,sky & weather
â„ï¸,sky & weather
ğŸ’§,sky & weather
ğŸŒ,sky & weather
ğŸŒ§ï¸,sky & weather
â˜ï¸,sky & weather
ğŸŒ ,sky & weather
â˜”,sky & weather
â›±ï¸,sky & weather
ğŸŒ€,sky & weather
â˜„ï¸,sky & weather
ğŸŒ›,sky & weather
ğŸŒœ,sky & weather
ğŸŒ•,sky & weather
ğŸŒŒ,sky & weather
ğŸŒªï¸,sky & weather
ğŸŒ¬ï¸,sky & weather
ğŸŒ¨ï¸,sky & weather
ğŸŒ¤ï¸,sky & weather
â›ˆï¸,sky & weather
â˜ƒï¸,sky & weather
â˜‚ï¸,sky & weather
ğŸŒ¡ï¸,sky & weather
â›„,sky & weather
ğŸŒ‘,sky & weather
â›…,sky & weather
ğŸŒ«ï¸,sky & weather
ğŸª,sky & weather
ğŸŒ’,sky & weather
ğŸŒ©ï¸,sky & weather
ğŸŒ¥ï¸,sky & weather
ğŸŒ˜,sky & weather
ğŸŒ”,sky & weather
ğŸŒ–,sky & weather
ğŸŒ¦ï¸,sky & weather
ğŸŒ—,sky & weather
ğŸŒ‚,sky & weather
ğŸŒ“,sky & weather
ğŸ“£,sound
ğŸ“¢,sound
ğŸ””,sound
ğŸ”Š,sound
ğŸ“¯,sound
ğŸ”‰,sound
ğŸ”•,sound
ğŸ”ˆ,sound
ğŸ”‡,sound
âš½,sport
ğŸ€,sport
âš¾,sport
â›³,sport
ğŸ¥Š,sport
ğŸ£,sport
ğŸˆ,sport
ğŸ¥,sport
ğŸ¾,sport
ğŸ,sport
ğŸ’,sport
ğŸ,sport
ğŸ¥‹,sport
ğŸ‰,sport
ğŸ³,sport
ğŸ¥…,sport
ğŸ½,sport
ğŸ¿,sport
ğŸ“,sport
ğŸ¸,sport
ğŸ¥,sport
â›¸ï¸,sport
ğŸ‘,sport
ğŸ¥,sport
ğŸ¤¿,sport
ğŸ¥Œ,sport
ğŸ›·,sport
ğŸ´ó §ó ¢ó ³ó £ó ´ó ¿,subdivision-flag
ğŸ´ó §ó ¢ó ¥ó ®ó §ó ¿,subdivision-flag
ğŸ´ó §ó ¢ó ·ó ¬ó ³ó ¿,subdivision-flag
â°,time
âŒš,time
â³,time
ğŸ•,time
ğŸ•œ,time
â±ï¸,time
âŒ›,time
ğŸ•‘,time
ğŸ•°ï¸,time
ğŸ•›,time
ğŸ•’,time
ğŸ•,time
â²ï¸,time
ğŸ•“,time
ğŸ••,time
ğŸ•˜,time
ğŸ•—,time
ğŸ•–,time
ğŸ•”,time
ğŸ•™,time
ğŸ•¥,time
ğŸ•¡,time
ğŸ•š,time
ğŸ•¦,time
ğŸ•§,time
ğŸ•,time
ğŸ• ,time
ğŸ•£,time
ğŸ•¤,time
ğŸ•Ÿ,time
ğŸ•¢,time
ğŸ”«,tool
âš”ï¸,tool
ğŸ”—,tool
ğŸ—¡ï¸,tool
ğŸ¹,tool
ğŸ”¨,tool
âš–ï¸,tool
ğŸª“,tool
ğŸ›¡ï¸,tool
âš™ï¸,tool
â›“ï¸,tool
â›ï¸,tool
âš’ï¸,tool
ğŸ§²,tool
ğŸ› ï¸,tool
ğŸ”§,tool
ğŸ”©,tool
ğŸ§°,tool
ğŸ¦¯,tool
ğŸ—œï¸,tool
âœˆï¸,transport-air
ğŸš€,transport-air
ğŸ›«,transport-air
ğŸ›¸,transport-air
ğŸ›©ï¸,transport-air
ğŸš,transport-air
ğŸª‚,transport-air
ğŸ’º,transport-air
ğŸ›¬,transport-air
ğŸ›°ï¸,transport-air
ğŸš¡,transport-air
ğŸš ,transport-air
ğŸšŸ,transport-air
ğŸš¨,transport-ground
ğŸš—,transport-ground
ğŸ›‘,transport-ground
â›½,transport-ground
ğŸš’,transport-ground
ğŸš˜,transport-ground
ğŸš²,transport-ground
ğŸš‚,transport-ground
ğŸï¸,transport-ground
ğŸš™,transport-ground
ğŸš›,transport-ground
ğŸï¸,transport-ground
ğŸš‘,transport-ground
ğŸšŒ,transport-ground
ğŸš”,transport-ground
ğŸš“,transport-ground
ğŸšƒ,transport-ground
ğŸšœ,transport-ground
ğŸšš,transport-ground
ğŸ›¹,transport-ground
ğŸ›£ï¸,transport-ground
ğŸ›´,transport-ground
ğŸš•,transport-ground
ğŸš,transport-ground
ğŸš¦,transport-ground
ğŸš§,transport-ground
ğŸ›µ,transport-ground
ğŸš„,transport-ground
ğŸš…,transport-ground
ğŸ›¢ï¸,transport-ground
ğŸš–,transport-ground
ğŸš†,transport-ground
ğŸš‡,transport-ground
ğŸš¥,transport-ground
ğŸš,transport-ground
ğŸš‹,transport-ground
ğŸš‰,transport-ground
ğŸš,transport-ground
ğŸš,transport-ground
ğŸ›º,transport-ground
ğŸš,transport-ground
ğŸ¦¼,transport-ground
ğŸšŠ,transport-ground
ğŸ¦½,transport-ground
ğŸ›¤ï¸,transport-ground
ğŸš,transport-ground
ğŸšˆ,transport-ground
ğŸš®,transport-sign
ğŸšº,transport-sign
ğŸ§,transport-sign
ğŸš¹,transport-sign
â™¿,transport-sign
ğŸš¼,transport-sign
ğŸš°,transport-sign
ğŸš¾,transport-sign
ğŸš»,transport-sign
ğŸ›‚,transport-sign
ğŸ›„,transport-sign
ğŸ›ƒ,transport-sign
ğŸ›…,transport-sign
âš“,transport-water
â›µ,transport-water
ğŸš¢,transport-water
ğŸš¤,transport-water
ğŸ›³ï¸,transport-water
ğŸ›¶,transport-water
ğŸ›¥ï¸,transport-water
â›´ï¸,transport-water
âš ï¸,warning
ğŸš«,warning
ğŸ”,warning
ğŸš­,warning
â›”,warning
â˜¢ï¸,warning
â˜£ï¸,warning
ğŸš¸,warning
ğŸ“µ,warning
ğŸš³,warning
ğŸš·,warning
ğŸš¯,warning
ğŸš±,warning
ğŸ“,writing
âœï¸,writing
ğŸ–Œï¸,writing
âœ’ï¸,writing
ğŸ–‹ï¸,writing
ğŸ–Šï¸,writing
ğŸ–ï¸,writing
â™ˆ,zodiac
â™‹,zodiac
â™‰,zodiac
â™Š,zodiac
â™Œ,zodiac
â™’,zodiac
â™,zodiac
â™,zodiac
â™,zodiac
â™“,zodiac
â™,zodiac
â™‘,zodiac
â›,zodiac
